rank,category,source,metric_type,value,value_numeric,as_of,publisher_of_figure,figure_type,credibility_basis,confidence
1,social,WhatsApp (Meta),Monthly active users (MAU),3.0B+,3000000000,2025,Meta Q3 2025 earnings call (Zuckerberg),Company-reported,"Meta Platforms Inc. — SEC-reporting issuer; figure stated on earnings call, not in 10-Q",Medium
2,social,Instagram (Meta),Monthly active users (MAU),3.0B,3000000000,24 Sep 2025,"Meta Q3 2025 earnings call (Zuckerberg), via CNBC",Company-reported,Meta Platforms Inc. — SEC-reporting issuer,Medium
3,social,YouTube (Alphabet),Monthly advertising reach,2.65B,2650000000,Apr 2026,"DataReportal / We Are Social, Digital 2026 Mid-Year",Vendor-estimated,DataReportal compiles from Google's own ad-planning tools; Google publishes no MAU/DAU,Medium
4,social,Facebook (Meta),Monthly advertising reach,2.39B,2390000000,Apr 2026,"DataReportal / We Are Social, Digital 2026 Mid-Year",Vendor-estimated,Meta discontinued per-app MAU/DAU disclosure in Apr 2024; ad reach is the only current proxy,Medium
5,social,TikTok (ByteDance),Monthly advertising reach,2.21B,2210000000,Apr 2026,"DataReportal / We Are Social, Digital 2026 Mid-Year",Vendor-estimated,ByteDance is private and publishes no user figures; ad-reach proxy only,Low
6,social,WeChat / Weixin (Tencent),Combined monthly active users (MAU),1.432B,1432000000,31 Mar 2026,Tencent Q1 2026 interim results (13 May 2026),Company-reported,"Tencent Holdings — HKEX-listed, audited financial reporting",High
7,social,Telegram,Monthly active users (MAU),1B+ (stated),1000000000,Mar 2025,"Pavel Durov public statement, via TechCrunch",Self-reported,"Private company, no audited disclosure; founder claim only",Low
8,social,X (formerly Twitter),Monthly active users (MAU),~600M (claimed),600000000,2026 (undated),Elon Musk public statements; DAU ~245-259M per third-party app analytics,Self-reported,ADDED AT USER REQUEST. Private since 2022 - NO audited user data published since. The ~600M MAU is a founder claim with no stated methodology; the ~245-259M DAU is a vendor estimate. Lowest-confidence row in this workbook. Do not cite either number as measured.,Low
9,news,BBC News,Monthly visits (Similarweb),894.7M,894700000,May 2026,"Similarweb, via Press Gazette (9 Jun 2026)",Vendor-estimated,MBFC: Mostly Factual / Least Biased. Ad Fontes: 44.64,Medium
10,news,The New York Times,Monthly visits (Similarweb),592.6M,592600000,May 2026,"Similarweb, via Press Gazette",Vendor-estimated,MBFC: High / Left-Center. Ad Fontes: 40.84. 13.08M subscribers (Q1 2026),Medium
11,news,CNN,Monthly visits (Similarweb),458.3M,458300000,Apr 2026,Similarweb,Vendor-estimated,MBFC: Mostly Factual / Left-Center. Ad Fontes: 41.90,Medium
12,news,The Guardian,Monthly visits (Similarweb),275.6M,275600000,May 2026,Similarweb,Vendor-estimated,MBFC: High / Left-Center. Ad Fontes: 40.10,Medium
13,news,Al Jazeera,Monthly visits (Similarweb),140.5M,140500000,Apr 2026,Similarweb,Vendor-estimated,MBFC: Mixed / Left-Center (MEDIUM credibility). Ad Fontes: 41.30. Split rating - see notes,Low
14,news,The Wall Street Journal,Monthly visits (Similarweb),99.2M,99200000,Mar 2026,Similarweb,Vendor-estimated,MBFC: Mostly Factual / Right-Center. Ad Fontes: 43.09. 4.71M subscriptions (Q3 FY26),Medium
15,news,Associated Press,Monthly visits (Similarweb),96.2M,96200000,Apr 2026,Similarweb,Vendor-estimated,MBFC: High / Left-Center. Ad Fontes: 44.31. NewsGuard 95,Medium
16,news,Reuters,Monthly visits (Similarweb),94.1M,94100000,Apr 2026,Similarweb,Vendor-estimated,MBFC: VERY HIGH / Least Biased - highest factual rating in this set. Ad Fontes: 44.98,Medium
17,news,NBC News,Monthly visits (Similarweb),76.9M,76900000,May 2026,Similarweb,Vendor-estimated,MBFC: High / Left-Center. Ad Fontes: 42.87,Medium
18,news,The Washington Post,Monthly visits (Similarweb),71.2M,71200000,Apr 2026,Similarweb,Vendor-estimated,MBFC: Mostly Factual / Left-Center. Ad Fontes: 38.58. NewsGuard 100,Medium
19,news,NPR,Monthly visits (Similarweb),56.4M,56400000,Jun 2026,Similarweb,Vendor-estimated,MBFC: High / Left-Center. Ad Fontes: 43.08. 21.9M weekly broadcast listeners,Medium
20,academic,SpringerLink (Springer Nature),Annual full-text downloads (COUNTER 5:1),5.6B,5600000000,CY2025,Springer Nature 2025 Annual Report (31 Mar 2026),Company-reported,Explicit COUNTER standard - strongest publisher figure in this set. +50% YoY likely AI-crawler inflated,High
21,academic,arXiv,Monthly active users,5M+,5000000,2024,arXiv 2024 Annual Report (Cornell),Operator-reported,Cornell University-operated. 3.2B cumulative all-time downloads,Medium
22,academic,PubMed / PMC (NCBI),Users per typical weekday,3.5M+ / weekday,3500000,Jun 2024,US National Library of Medicine (NLM Office Hours),Government-reported,US NIH/NLM - the only true DAILY figure in this category. Stale (2 yrs),Medium
23,academic,ScienceDirect (Elsevier),Monthly visits,140M visits / 50M uniques,140000000,2024-25,"Elsevier, ScienceDirect 25 Years page",Self-reported,"Publisher marketing page - undated, no methodology stated",Low
24,academic,Google Scholar,Monthly visits (Similarweb),127.2M,127200000,Mar 2026,Similarweb,Vendor-estimated,Google publishes nothing official. Figure excludes country mirrors,Low
25,academic,ResearchGate,Monthly visits (Similarweb),116.1M,116100000,Mar 2026,Similarweb,Vendor-estimated,Registered-member count is self-contradictory (20M on /about vs 25M+ in metadata),Low
26,academic,IEEE Xplore,Monthly full-text downloads,34M+,34000000,Dec 2025,"IEEE, About IEEE Xplore",Operator-reported,IEEE - professional standards body. Long-standing boilerplate; figure may predate page date,Medium
27,academic,JSTOR (ITHAKA),Annual articles viewed or downloaded,62M,62000000,CY2024,about.jstor.org,Operator-reported,Non-profit (ITHAKA). Blends views + downloads. Also 167M annual searches,Medium
28,policy,GovInfo (US GPO),Annual retrievals / downloads,1.97B,1970000000,FY2025,"US Government Publishing Office, press release 26-01 (Jan 2026)",Government-reported,"US GPO - official federal publisher. Retrievals include bots and API calls, NOT human visits",High
29,policy,Congress.gov (Library of Congress),Annual page views,176.6M,176629478,FY2025,Congress.gov FY2026 Initiatives report,Government-reported,Library of Congress. Also 82.6M annual visits. +52% YoY (FY2024: 116.5M),High
30,policy,Council on Foreign Relations,Annual page views (excl. ForeignAffairs.com),50.5M,50500000,FY2024,CFR 2024 Annual Report,Self-reported,Non-partisan membership org. STALE - FY2025 report gives no figure,Medium
31,policy,Cato Institute,Annual visits (4 domains combined),12.2M,12200000,CY2024,Cato 2024 Annual Report,Self-reported,Libertarian think tank. Aggregate of cato.org + libertarianism.org + humanprogress.org + elcato.org,Medium
32,policy,RAND Corporation,Annual web downloads,6.1M,6100000,FY2024,RAND 2024 Annual Report,Self-reported,"Non-profit, federally funded R&D centers. Downloads, NOT visits. 82K Policy Currents subscribers",Medium
33,policy,Urban Institute,Annual page views,3.57M,3570000,CY2025,Urban Institute 2025 Impact Report (Mar 2026),Self-reported,Non-profit research org. Freshest think-tank self-report in this set,Medium
34,policy,Pew Research Center,Monthly visits (Similarweb),~3.2M,3200000,Jun 2026,Similarweb,Vendor-estimated,Pew Charitable Trusts subsidiary; non-advocacy. Pew publishes no self-reported traffic,Low
35,nonprofit,Wikipedia / Wikimedia Foundation,Monthly unique devices,~1.5B,1500000000,Apr 2026,"WMF FY2026-27 Draft Annual Plan (Diff, 27 Apr 2026)",Operator-reported,501(c)(3). ~27% of all internet users. Human pageviews DOWN ~8% YoY - WMF attributes to genAI search,High
36,nonprofit,Mozilla (Firefox),Users,200M+,200000000,Jan 2026,State of Mozilla 2025,Operator-reported,"Mozilla Foundation / Corporation. Wording is 'users', NOT MAU - third-party '203M MAU' is fabricated precision",Medium
37,nonprofit,Khan Academy,Yearly active learners,104.9M,104900000,SY2024-25,Khan Academy Annual Report,Operator-reported,501(c)(3). Also 189.6M cumulative registered users - active figure is the honest one,High
38,nonprofit,Our World in Data,Annual page views,~59M,59000000,CY2024,Global Change Data Lab Trustees' Annual Report,Audited,"UK registered charity - AUDITED filing. Highest evidentiary quality here, but stale (no CY2025 report)",Medium
39,nonprofit,OpenStreetMap,Registered users,10M,10000000,Q2 2025,OpenStreetMap Wiki Stats,Operator-reported,OSM Foundation. 2.25M distinct contributors ever. Registered != active,Medium
40,nonprofit,Internet Archive,Daily visitors,~800K / day,800000,Oct 2025,"Internet Archive press kit, via TechRadar",Self-reported,501(c)(3). A true DAILY figure. IA publishes no site-wide visitor dashboard,Low
41,developer,GitHub,Registered developers,180M+,180000000,Oct 2025,GitHub Octoverse 2025,Company-reported,Microsoft subsidiary. Strongest primary figure in this category. +36M in one year - GitHub attributes surge to Copilot Free sign-ups,High
42,developer,GitLab,Registered users,50M+,50000000,FY2026 (FYE Jan 2026),GitLab Inc. Form 10-K (SEC),Audited,SEC filing. CAUTION: identical '50M+' appeared in FY2025 10-K - likely stale boilerplate,Low
43,developer,Docker Hub,Monthly unique IPs,26M+ IPs / 11B+ pulls,26000000,May 2026,docker.com/products/docker-hub,Company-reported,Unique IPs is the closest audience proxy available - but IPs are not humans,Medium
44,developer,Hugging Face,Registered users,13M,13000000,CY2025,"HF Blog, State of Open Source (Mar 2026)",Company-reported,"Nearly doubled YoY. 2M+ models, 500K+ datasets hosted",High
45,forums,Stack Overflow,Monthly visits (Similarweb),31.8M,31800000,Apr 2026,Similarweb,Vendor-estimated,"In structural decline: questions posted fell 78% YoY (3,862 in Dec 2025 vs 200K+/mo at 2014 peak)",Medium
46,forums,Hacker News (Y Combinator),Monthly visits (Similarweb),13.5M,13500000,May 2026,Similarweb,Vendor-estimated,Unusually engaged: 3.64 pages/visit vs Stack Overflow's 1.69,Medium
52,forums,Reddit,Daily active uniques (DAUq),130.3M,130300000,"Q2 2026 (quarter avg., ended 30 Jun 2026)",Reddit Q2 2026 results (30 Jul 2026): Letter to Shareholders + Form 8-K Ex. 99.1; restated in Q2 2026 Form 10-Q,Company-reported,"ADDED AT USER REQUEST in Rev. 4 (2026-09-29). Reddit, Inc. is an NYSE-listed SEC registrant. The DAUq is an unaudited company KPI. 59.6% of it (77.7M) is logged-out users, and bots are removed only going forward. WAUq 514.6M. +18% YoY (Q2 2025: 110.4M).",High
47,blog,TLDR (13 newsletters),Free subscribers,7.2M+,7200000,26 Jun 2026,advertise.tldr.tech rate card,Self-reported,RATE-CARD figure - direct commercial incentive to inflate. TLDR Tech 1.6M; TLDR AI 1.1M,Low
48,blog,Substack (platform-level),"Paid subscriptions, platform-wide",5M,5000000,11 Mar 2025,The Substack Post,Self-reported,STALE. Substack DECLINED to give an updated figure to Press Gazette in Feb 2026. Circulating '8.4M' has no source,Low
49,blog,Ars Technica,Monthly visits (Similarweb),8.3M,8300000,Jun 2026,Similarweb,Vendor-estimated,"Conde Nast. 59% bounce rate, 1.96 pages/visit - this is not 8.3M distinct readers",Medium
50,blog,One Useful Thing (Ethan Mollick),Subscribers (free + paid),453K+,453000,12 Jul 2026,Substack platform profile,Operator-reported,Wharton professor. Platform-generated count - not self-asserted. Freshest figure in category,Medium
51,blog,Platformer (Casey Newton),Free subscribers,200K free,200000,23 Sep 2025,"Platformer, 'Year Five' post",Self-reported,Most transparent free/paid disclosure in the set - explicitly separates the two,Medium
